{"v":"5.10.0","fr":60,"ip":0,"op":180,"w":1920,"h":1080,"nm":"Slices","ddd":0,"assets":[],"layers":[{"ddd":0,"ind":1,"ty":4,"nm":"MASK","td":1,"sr":1,"ks":{"o":{"a":0,"k":100,"ix":11},"r":{"a":1,"k":[{"i":{"x":[0.004],"y":[1]},"o":{"x":[0.167],"y":[0.167]},"t":35,"s":[-90]},{"i":{"x":[0.833],"y":[0.833]},"o":{"x":[0.167],"y":[0.167]},"t":90,"s":[0]},{"i":{"x":[0.544],"y":[1]},"o":{"x":[0.5],"y":[0]},"t":115,"s":[0]},{"t":132.5,"s":[90]}],"ix":10},"p":{"a":0,"k":[-49.05,1108.05,0],"ix":2,"l":2},"a":{"a":0,"k":[-1920,1080,0],"ix":1,"l":2},"s":{"a":0,"k":[105,105,100],"ix":6,"l":2}},"ao":0,"shapes":[{"ty":"rc","d":1,"s":{"a":0,"k":[3840,2160],"ix":2},"p":{"a":0,"k":[0,0],"ix":3},"r":{"a":0,"k":0,"ix":4},"nm":"Rectangle Path 1","mn":"ADBE Vector Shape - Rect","hd":false},{"ty":"fl","c":{"a":0,"k":[0.401697993279,0.811764717102,0.359854459763,1],"ix":4},"o":{"a":0,"k":100,"ix":5},"r":1,"bm":0,"nm":".color2","mn":"ADBE Vector Graphic - Fill","hd":false,"cl":"color2"}],"ip":35,"op":180,"st":35,"ct":1,"bm":0},{"ddd":0,"ind":3,"ty":4,"nm":"Shape Layer 9","sr":1,"ks":{"o":{"a":0,"k":100,"ix":11},"r":{"a":1,"k":[{"i":{"x":[0.004],"y":[1]},"o":{"x":[0.167],"y":[0.167]},"t":35,"s":[-90]},{"i":{"x":[0.833],"y":[0.833]},"o":{"x":[0.167],"y":[0.167]},"t":90,"s":[0]},{"i":{"x":[0.544],"y":[1]},"o":{"x":[0.5],"y":[0]},"t":115,"s":[0]},{"t":132.5,"s":[90]}],"ix":10},"p":{"a":0,"k":[-49.05,1108.05,0],"ix":2,"l":2},"a":{"a":0,"k":[-1920,1080,0],"ix":1,"l":2},"s":{"a":0,"k":[105,105,100],"ix":6,"l":2}},"ao":0,"shapes":[{"ty":"rc","d":1,"s":{"a":0,"k":[3840,2160],"ix":2},"p":{"a":0,"k":[0,0],"ix":3},"r":{"a":0,"k":0,"ix":4},"nm":"Rectangle Path 1","mn":"ADBE Vector Shape - Rect","hd":false},{"ty":"fl","c":{"a":0,"k":[0.401697993279,0.811764717102,0.359854459763,1],"ix":4},"o":{"a":0,"k":100,"ix":5},"r":1,"bm":0,"nm":".color1","mn":"ADBE Vector Graphic - Fill","hd":false,"cl":"color1"}],"ip":35,"op":180,"st":35,"ct":1,"bm":0},{"ddd":0,"ind":4,"ty":4,"nm":"Shape Layer 4","sr":1,"ks":{"o":{"a":0,"k":100,"ix":11},"r":{"a":1,"k":[{"i":{"x":[0.004],"y":[1]},"o":{"x":[0.167],"y":[0.167]},"t":35,"s":[-90]},{"i":{"x":[0.833],"y":[0.833]},"o":{"x":[0.167],"y":[0.167]},"t":90,"s":[0]},{"i":{"x":[0.544],"y":[1]},"o":{"x":[0.5],"y":[0]},"t":115,"s":[0]},{"t":133,"s":[90]}],"ix":10},"p":{"a":0,"k":[-49.05,1108.05,0],"ix":2,"l":2},"a":{"a":0,"k":[-1920,1080,0],"ix":1,"l":2},"s":{"a":0,"k":[105,105,100],"ix":6,"l":2}},"ao":0,"shapes":[{"ind":0,"ty":"sh","ix":1,"ks":{"a":0,"k":{"i":[[0,0],[0,0],[0,0],[0,0]],"o":[[0,0],[0,0],[0,0],[0,0]],"v":[[1901.06,-1145.187],[1945.253,1166.915],[-1920,1080],[-1920,-1080]],"c":true},"ix":2},"nm":"Path 1","mn":"ADBE Vector Shape - Group","hd":false},{"ty":"fl","c":{"a":0,"k":[0,0,0,1],"ix":4},"o":{"a":0,"k":20,"ix":5},"r":1,"bm":0,"nm":".shadow","mn":"ADBE Vector Graphic - Fill","hd":false,"cl":"shadow"}],"ip":35,"op":180,"st":35,"ct":1,"bm":0},{"ddd":0,"ind":5,"ty":4,"nm":"Shape Layer 8","sr":1,"ks":{"o":{"a":0,"k":100,"ix":11},"r":{"a":1,"k":[{"i":{"x":[0.004],"y":[1]},"o":{"x":[0.167],"y":[0.167]},"t":25,"s":[-90]},{"i":{"x":[0.833],"y":[0.833]},"o":{"x":[0.167],"y":[0.167]},"t":80,"s":[0]},{"i":{"x":[0.544],"y":[1]},"o":{"x":[0.5],"y":[0]},"t":120,"s":[0]},{"t":145,"s":[90]}],"ix":10},"p":{"a":0,"k":[-49.05,1108.05,0],"ix":2,"l":2},"a":{"a":0,"k":[-1920,1080,0],"ix":1,"l":2},"s":{"a":0,"k":[105,105,100],"ix":6,"l":2}},"ao":0,"shapes":[{"ty":"rc","d":1,"s":{"a":0,"k":[3840,2160],"ix":2},"p":{"a":0,"k":[0,0],"ix":3},"r":{"a":0,"k":0,"ix":4},"nm":"Rectangle Path 1","mn":"ADBE Vector Shape - Rect","hd":false},{"ty":"fl","c":{"a":0,"k":[0.329217046499,0.732562482357,0.772549033165,1],"ix":4},"o":{"a":0,"k":100,"ix":5},"r":1,"bm":0,"nm":".color2","mn":"ADBE Vector Graphic - Fill","hd":false,"cl":"color2"}],"ip":25,"op":180,"st":25,"ct":1,"bm":0},{"ddd":0,"ind":6,"ty":4,"nm":"Shape Layer 3","sr":1,"ks":{"o":{"a":0,"k":100,"ix":11},"r":{"a":1,"k":[{"i":{"x":[0.004],"y":[1]},"o":{"x":[0.167],"y":[0.167]},"t":25,"s":[-90]},{"i":{"x":[0.833],"y":[0.833]},"o":{"x":[0.167],"y":[0.167]},"t":80,"s":[0]},{"i":{"x":[0.544],"y":[1]},"o":{"x":[0.5],"y":[0]},"t":120,"s":[0]},{"t":146,"s":[90]}],"ix":10},"p":{"a":0,"k":[-49.05,1108.05,0],"ix":2,"l":2},"a":{"a":0,"k":[-1920,1080,0],"ix":1,"l":2},"s":{"a":0,"k":[105,105,100],"ix":6,"l":2}},"ao":0,"shapes":[{"ind":0,"ty":"sh","ix":1,"ks":{"a":0,"k":{"i":[[0,0],[0,0],[0,0],[0,0]],"o":[[0,0],[0,0],[0,0],[0,0]],"v":[[1898.615,-1167.947],[1941.385,1167.948],[-1920,1080],[-1920,-1080]],"c":true},"ix":2},"nm":"Path 1","mn":"ADBE Vector Shape - Group","hd":false},{"ty":"fl","c":{"a":0,"k":[0,0,0,1],"ix":4},"o":{"a":0,"k":20,"ix":5},"r":1,"bm":0,"nm":".shadow","mn":"ADBE Vector Graphic - Fill","hd":false,"cl":"shadow"}],"ip":25,"op":180,"st":25,"ct":1,"bm":0},{"ddd":0,"ind":7,"ty":4,"nm":"Shape Layer 7","sr":1,"ks":{"o":{"a":0,"k":100,"ix":11},"r":{"a":1,"k":[{"i":{"x":[0.004],"y":[1]},"o":{"x":[0.167],"y":[0.167]},"t":12.5,"s":[-90]},{"i":{"x":[0.833],"y":[0.833]},"o":{"x":[0.167],"y":[0.167]},"t":67.5,"s":[0]},{"i":{"x":[0.544],"y":[1]},"o":{"x":[0.5],"y":[0]},"t":125,"s":[0]},{"t":157.5,"s":[90]}],"ix":10},"p":{"a":0,"k":[-49.05,1108.05,0],"ix":2,"l":2},"a":{"a":0,"k":[-1920,1080,0],"ix":1,"l":2},"s":{"a":0,"k":[105,105,100],"ix":6,"l":2}},"ao":0,"shapes":[{"ty":"rc","d":1,"s":{"a":0,"k":[3840,2160],"ix":2},"p":{"a":0,"k":[0,0],"ix":3},"r":{"a":0,"k":0,"ix":4},"nm":"Rectangle Path 1","mn":"ADBE Vector Shape - Rect","hd":false},{"ty":"fl","c":{"a":0,"k":[1,0.749019622803,0.098039217293,1],"ix":4},"o":{"a":0,"k":100,"ix":5},"r":1,"bm":0,"nm":".color3","mn":"ADBE Vector Graphic - Fill","hd":false,"cl":"color3"}],"ip":12.5,"op":180,"st":12.5,"ct":1,"bm":0},{"ddd":0,"ind":8,"ty":4,"nm":"Shape Layer 2","sr":1,"ks":{"o":{"a":0,"k":100,"ix":11},"r":{"a":1,"k":[{"i":{"x":[0.004],"y":[1]},"o":{"x":[0.167],"y":[0.167]},"t":12.5,"s":[-90]},{"i":{"x":[0.833],"y":[0.833]},"o":{"x":[0.167],"y":[0.167]},"t":67.5,"s":[0]},{"i":{"x":[0.544],"y":[1]},"o":{"x":[0.5],"y":[0]},"t":125,"s":[0]},{"t":158,"s":[90]}],"ix":10},"p":{"a":0,"k":[-49.05,1108.05,0],"ix":2,"l":2},"a":{"a":0,"k":[-1920,1080,0],"ix":1,"l":2},"s":{"a":0,"k":[105,105,100],"ix":6,"l":2}},"ao":0,"shapes":[{"ind":0,"ty":"sh","ix":1,"ks":{"a":0,"k":{"i":[[0,0],[0,0],[0,0],[0,0]],"o":[[0,0],[0,0],[0,0],[0,0]],"v":[[1916.48,-1170.441],[1923.52,1170.442],[-1920,1080],[-1920,-1080]],"c":true},"ix":2},"nm":"Path 1","mn":"ADBE Vector Shape - Group","hd":false},{"ty":"fl","c":{"a":0,"k":[0,0,0,1],"ix":4},"o":{"a":0,"k":20,"ix":5},"r":1,"bm":0,"nm":".shadow","mn":"ADBE Vector Graphic - Fill","hd":false,"cl":"shadow"}],"ip":12.5,"op":180,"st":12.5,"ct":1,"bm":0},{"ddd":0,"ind":9,"ty":4,"nm":"Shape Layer 6","sr":1,"ks":{"o":{"a":0,"k":100,"ix":11},"r":{"a":1,"k":[{"i":{"x":[0.004],"y":[1]},"o":{"x":[0.167],"y":[0.167]},"t":0,"s":[-90]},{"i":{"x":[0.833],"y":[0.833]},"o":{"x":[0.167],"y":[0.167]},"t":55,"s":[0]},{"i":{"x":[0.544],"y":[1]},"o":{"x":[0.5],"y":[0]},"t":130,"s":[0]},{"t":167.5,"s":[90]}],"ix":10},"p":{"a":0,"k":[-49.05,1108.05,0],"ix":2,"l":2},"a":{"a":0,"k":[-1920,1080,0],"ix":1,"l":2},"s":{"a":0,"k":[105,105,100],"ix":6,"l":2}},"ao":0,"shapes":[{"ty":"rc","d":1,"s":{"a":0,"k":[3840,2160],"ix":2},"p":{"a":0,"k":[0,0],"ix":3},"r":{"a":0,"k":0,"ix":4},"nm":"Rectangle Path 1","mn":"ADBE Vector Shape - Rect","hd":false},{"ty":"fl","c":{"a":0,"k":[0.937254905701,0.278431385756,0.411764711142,1],"ix":4},"o":{"a":0,"k":100,"ix":5},"r":1,"bm":0,"nm":".color4","mn":"ADBE Vector Graphic - Fill","hd":false,"cl":"color4"}],"ip":0,"op":180,"st":0,"ct":1,"bm":0}],"markers":[]}